BEGIN TRANSACTION;
CREATE TABLE alembic_version (
	version_num VARCHAR(32) NOT NULL, 
	CONSTRAINT alembic_version_pkc PRIMARY KEY (version_num)
);
INSERT INTO "alembic_version" VALUES('0823f85b8d39');
CREATE TABLE cup_competition (
	id INTEGER NOT NULL, 
	name VARCHAR(64) NOT NULL, 
	season_id INTEGER NOT NULL, has_groups BOOLEAN, num_groups INTEGER, teams_per_group INTEGER, 
	PRIMARY KEY (id), 
	FOREIGN KEY(season_id) REFERENCES season (id)
);
INSERT INTO "cup_competition" VALUES(2,'League Cup 24/25',1,NULL,NULL,NULL);
INSERT INTO "cup_competition" VALUES(3,'2025/26',2,1,12,3);
CREATE TABLE cup_group (
	id INTEGER NOT NULL, 
	competition_id INTEGER NOT NULL, 
	name VARCHAR(64) NOT NULL, 
	"order" INTEGER NOT NULL, 
	PRIMARY KEY (id), 
	FOREIGN KEY(competition_id) REFERENCES cup_competition (id)
);
INSERT INTO "cup_group" VALUES(1,3,'Group A',1);
INSERT INTO "cup_group" VALUES(2,3,'Group B',2);
INSERT INTO "cup_group" VALUES(3,3,'Group C',3);
INSERT INTO "cup_group" VALUES(4,3,'Group D',4);
INSERT INTO "cup_group" VALUES(5,3,'Group E',5);
INSERT INTO "cup_group" VALUES(6,3,'Group F',6);
INSERT INTO "cup_group" VALUES(7,3,'Group G',7);
INSERT INTO "cup_group" VALUES(8,3,'Group H',8);
INSERT INTO "cup_group" VALUES(9,3,'Group I',9);
INSERT INTO "cup_group" VALUES(10,3,'Group J',10);
INSERT INTO "cup_group" VALUES(11,3,'Group K',11);
INSERT INTO "cup_group" VALUES(12,3,'Group L',12);
CREATE TABLE "cup_group_match" (
	id INTEGER NOT NULL, 
	group_id INTEGER NOT NULL, 
	home_team_id INTEGER NOT NULL, 
	away_team_id INTEGER NOT NULL, 
	gameweek_id INTEGER, 
	home_score FLOAT, 
	away_score FLOAT, 
	PRIMARY KEY (id), 
	FOREIGN KEY(group_id) REFERENCES cup_group (id), 
	FOREIGN KEY(gameweek_id) REFERENCES gameweek (id), 
	FOREIGN KEY(away_team_id) REFERENCES team (id), 
	FOREIGN KEY(home_team_id) REFERENCES team (id)
);
CREATE TABLE cup_group_team (
	id INTEGER NOT NULL, 
	group_id INTEGER NOT NULL, 
	team_id INTEGER NOT NULL, 
	PRIMARY KEY (id), 
	FOREIGN KEY(group_id) REFERENCES cup_group (id), 
	FOREIGN KEY(team_id) REFERENCES team (id)
);
CREATE TABLE cup_match (
	id INTEGER NOT NULL, 
	round_id INTEGER NOT NULL, 
	home_team_id INTEGER, 
	away_team_id INTEGER, 
	first_leg_home_score FLOAT, 
	first_leg_away_score FLOAT, 
	second_leg_home_score FLOAT, 
	second_leg_away_score FLOAT, 
	winner_id INTEGER, 
	PRIMARY KEY (id), 
	FOREIGN KEY(round_id) REFERENCES cup_round (id), 
	FOREIGN KEY(home_team_id) REFERENCES team (id), 
	FOREIGN KEY(away_team_id) REFERENCES team (id), 
	FOREIGN KEY(winner_id) REFERENCES team (id)
);
INSERT INTO "cup_match" VALUES(9,2,20,14,158.0,59.25,85.0,55.5,20);
INSERT INTO "cup_match" VALUES(10,2,16,4,100.5,135.0,178.25,103.5,16);
INSERT INTO "cup_match" VALUES(11,2,23,18,60.0,56.75,57.5,60.0,23);
INSERT INTO "cup_match" VALUES(12,2,21,17,91.0,120.5,103.75,81.0,17);
INSERT INTO "cup_match" VALUES(13,2,24,8,56.5,81.0,48.75,139.75,8);
INSERT INTO "cup_match" VALUES(14,2,1,3,64.75,83.25,99.75,122.75,3);
INSERT INTO "cup_match" VALUES(15,2,19,5,55.25,120.25,120.75,85.0,5);
INSERT INTO "cup_match" VALUES(16,2,11,10,113.75,74.25,58.75,80.75,11);
INSERT INTO "cup_match" VALUES(17,3,8,6,116.75,16.5,62.5,131.25,8);
INSERT INTO "cup_match" VALUES(18,3,13,3,90.5,109.25,241.25,125.25,13);
INSERT INTO "cup_match" VALUES(19,3,22,7,123.0,75.25,41.75,149.0,7);
INSERT INTO "cup_match" VALUES(20,3,15,2,131.5,81.5,88.25,85.75,15);
INSERT INTO "cup_match" VALUES(21,3,12,23,105.0,79.25,93.5,41.5,12);
INSERT INTO "cup_match" VALUES(22,3,20,11,74.25,116.25,118.0,111.25,11);
INSERT INTO "cup_match" VALUES(23,3,9,16,67.75,98.0,65.25,116.0,16);
INSERT INTO "cup_match" VALUES(24,3,17,5,89.75,63.75,84.0,66.75,17);
INSERT INTO "cup_match" VALUES(25,4,12,15,80.75,123.0,75.5,88.75,15);
INSERT INTO "cup_match" VALUES(26,4,13,8,92.75,44.25,126.0,109.75,13);
INSERT INTO "cup_match" VALUES(27,4,16,17,128.0,108.25,64.5,95.25,17);
INSERT INTO "cup_match" VALUES(28,4,11,7,98.25,74.75,126.5,71.5,11);
INSERT INTO "cup_match" VALUES(29,5,15,13,101.0,118.25,163.0,81.25,15);
INSERT INTO "cup_match" VALUES(30,5,17,11,123.5,95.5,152.5,155.0,17);
INSERT INTO "cup_match" VALUES(31,6,15,17,86.25,76.0,102.75,106.5,15);
CREATE TABLE cup_round (
	id INTEGER NOT NULL, 
	name VARCHAR(64) NOT NULL, 
	competition_id INTEGER NOT NULL, 
	"order" INTEGER NOT NULL, 
	first_leg_gameweek_id INTEGER, 
	second_leg_gameweek_id INTEGER, 
	num_matches INTEGER NOT NULL, 
	PRIMARY KEY (id), 
	FOREIGN KEY(competition_id) REFERENCES cup_competition (id), 
	FOREIGN KEY(first_leg_gameweek_id) REFERENCES gameweek (id), 
	FOREIGN KEY(second_leg_gameweek_id) REFERENCES gameweek (id)
);
INSERT INTO "cup_round" VALUES(2,'Round 1',2,1,19,20,8);
INSERT INTO "cup_round" VALUES(3,'Round of 16',2,2,23,24,8);
INSERT INTO "cup_round" VALUES(4,'Quarter Final',2,3,27,28,4);
INSERT INTO "cup_round" VALUES(5,'Semi Final',2,4,31,32,2);
INSERT INTO "cup_round" VALUES(6,'Final',2,5,35,36,1);
CREATE TABLE division (
	id INTEGER NOT NULL, 
	name VARCHAR(64) NOT NULL, 
	season_id INTEGER NOT NULL, 
	PRIMARY KEY (id), 
	FOREIGN KEY(season_id) REFERENCES season (id)
);
INSERT INTO "division" VALUES(1,'Premier League',1);
INSERT INTO "division" VALUES(2,'Championship',1);
INSERT INTO "division" VALUES(3,'Premier League',2);
INSERT INTO "division" VALUES(4,'Championship',2);
INSERT INTO "division" VALUES(5,'League One',2);
CREATE TABLE fixture (
	id INTEGER NOT NULL, 
	gameweek_id INTEGER NOT NULL, 
	home_team_id INTEGER NOT NULL, 
	away_team_id INTEGER NOT NULL, 
	home_score FLOAT, 
	away_score FLOAT, 
	division_id INTEGER NOT NULL, 
	PRIMARY KEY (id), 
	FOREIGN KEY(gameweek_id) REFERENCES gameweek (id), 
	FOREIGN KEY(home_team_id) REFERENCES team (id), 
	FOREIGN KEY(away_team_id) REFERENCES team (id), 
	FOREIGN KEY(division_id) REFERENCES division (id)
);
INSERT INTO "fixture" VALUES(1,1,2,3,83.0,61.75,1);
INSERT INTO "fixture" VALUES(2,1,7,1,73.75,97.5,1);
INSERT INTO "fixture" VALUES(3,1,8,11,94.25,93.75,1);
INSERT INTO "fixture" VALUES(4,1,6,4,75.75,83.25,1);
INSERT INTO "fixture" VALUES(5,1,5,12,88.0,97.0,1);
INSERT INTO "fixture" VALUES(6,1,10,9,65.0,60.5,1);
INSERT INTO "fixture" VALUES(7,2,3,7,65.75,49.25,1);
INSERT INTO "fixture" VALUES(8,2,2,8,111.0,112.5,1);
INSERT INTO "fixture" VALUES(9,2,1,6,139.5,123.5,1);
INSERT INTO "fixture" VALUES(10,2,11,5,108.0,105.75,1);
INSERT INTO "fixture" VALUES(11,2,4,10,94.25,115.25,1);
INSERT INTO "fixture" VALUES(12,2,12,9,76.0,60.5,1);
INSERT INTO "fixture" VALUES(13,3,8,3,117.5,115.5,1);
INSERT INTO "fixture" VALUES(14,3,6,7,51.75,91.25,1);
INSERT INTO "fixture" VALUES(15,3,5,2,72.75,71.25,1);
INSERT INTO "fixture" VALUES(16,3,10,1,73.0,94.25,1);
INSERT INTO "fixture" VALUES(17,3,9,11,69.5,102.5,1);
INSERT INTO "fixture" VALUES(18,3,12,4,71.5,90.5,1);
INSERT INTO "fixture" VALUES(19,4,3,6,89.75,80.5,1);
INSERT INTO "fixture" VALUES(20,4,8,5,106.25,76.0,1);
INSERT INTO "fixture" VALUES(21,4,7,10,67.5,121.5,1);
INSERT INTO "fixture" VALUES(22,4,2,9,81.75,81.0,1);
INSERT INTO "fixture" VALUES(23,4,1,12,106.25,89.25,1);
INSERT INTO "fixture" VALUES(24,4,11,4,77.75,101.5,1);
INSERT INTO "fixture" VALUES(25,5,5,3,121.5,55.75,1);
INSERT INTO "fixture" VALUES(26,5,10,6,83.25,87.25,1);
INSERT INTO "fixture" VALUES(27,5,9,8,100.5,104.75,1);
INSERT INTO "fixture" VALUES(28,5,12,7,67.25,79.0,1);
INSERT INTO "fixture" VALUES(29,5,4,2,68.0,104.25,1);
INSERT INTO "fixture" VALUES(30,5,11,1,153.75,112.5,1);
INSERT INTO "fixture" VALUES(31,6,3,10,81.75,92.25,1);
INSERT INTO "fixture" VALUES(32,6,5,9,104.75,42.0,1);
INSERT INTO "fixture" VALUES(33,6,6,12,57.0,65.25,1);
INSERT INTO "fixture" VALUES(34,6,8,4,111.0,103.25,1);
INSERT INTO "fixture" VALUES(35,6,7,11,90.5,84.5,1);
INSERT INTO "fixture" VALUES(36,6,2,1,71.25,135.5,1);
INSERT INTO "fixture" VALUES(37,7,9,3,123.25,72.75,1);
INSERT INTO "fixture" VALUES(38,7,12,10,94.5,116.75,1);
INSERT INTO "fixture" VALUES(39,7,4,5,88.5,37.75,1);
INSERT INTO "fixture" VALUES(40,7,11,6,100.25,57.0,1);
INSERT INTO "fixture" VALUES(41,7,1,8,123.5,159.75,1);
INSERT INTO "fixture" VALUES(42,7,2,7,82.75,76.75,1);
INSERT INTO "fixture" VALUES(43,8,3,12,96.25,92.75,1);
INSERT INTO "fixture" VALUES(44,8,9,4,110.75,140.75,1);
INSERT INTO "fixture" VALUES(45,8,10,11,85.5,67.75,1);
INSERT INTO "fixture" VALUES(46,8,5,1,76.0,92.5,1);
INSERT INTO "fixture" VALUES(47,8,6,2,42.0,85.75,1);
INSERT INTO "fixture" VALUES(48,8,8,7,65.75,88.5,1);
INSERT INTO "fixture" VALUES(49,9,4,3,94.75,66.5,1);
INSERT INTO "fixture" VALUES(50,9,11,12,95.25,79.0,1);
INSERT INTO "fixture" VALUES(51,9,1,9,124.25,83.25,1);
INSERT INTO "fixture" VALUES(52,9,2,10,60.75,116.0,1);
INSERT INTO "fixture" VALUES(53,9,7,5,92.0,59.0,1);
INSERT INTO "fixture" VALUES(54,9,8,6,91.25,61.75,1);
INSERT INTO "fixture" VALUES(55,10,3,11,89.5,76.25,1);
INSERT INTO "fixture" VALUES(56,10,4,1,103.75,104.0,1);
INSERT INTO "fixture" VALUES(57,10,12,2,76.0,45.5,1);
INSERT INTO "fixture" VALUES(58,10,9,7,121.25,70.5,1);
INSERT INTO "fixture" VALUES(59,10,10,8,73.25,70.0,1);
INSERT INTO "fixture" VALUES(60,10,5,6,133.5,37.0,1);
INSERT INTO "fixture" VALUES(61,11,1,3,80.25,118.25,1);
INSERT INTO "fixture" VALUES(62,11,2,11,86.75,76.75,1);
INSERT INTO "fixture" VALUES(63,11,7,4,39.0,88.25,1);
INSERT INTO "fixture" VALUES(64,11,8,12,65.25,97.0,1);
INSERT INTO "fixture" VALUES(65,11,6,9,62.0,105.0,1);
INSERT INTO "fixture" VALUES(66,11,5,10,116.75,115.25,1);
INSERT INTO "fixture" VALUES(67,12,3,2,95.25,31.0,1);
INSERT INTO "fixture" VALUES(68,12,1,7,84.25,58.5,1);
INSERT INTO "fixture" VALUES(69,12,11,8,116.25,88.75,1);
INSERT INTO "fixture" VALUES(70,12,4,6,111.25,39.75,1);
INSERT INTO "fixture" VALUES(71,12,12,5,88.75,111.0,1);
INSERT INTO "fixture" VALUES(72,12,9,10,98.5,133.5,1);
INSERT INTO "fixture" VALUES(73,13,7,3,58.75,93.5,1);
INSERT INTO "fixture" VALUES(74,13,8,2,125.5,60.25,1);
INSERT INTO "fixture" VALUES(75,13,6,1,78.25,136.5,1);
INSERT INTO "fixture" VALUES(76,13,5,11,48.25,71.25,1);
INSERT INTO "fixture" VALUES(77,13,10,4,99.25,80.75,1);
INSERT INTO "fixture" VALUES(78,13,9,12,148.0,45.5,1);
INSERT INTO "fixture" VALUES(79,14,3,8,91.25,64.5,1);
INSERT INTO "fixture" VALUES(80,14,7,6,50.25,88.75,1);
INSERT INTO "fixture" VALUES(81,14,2,5,100.0,149.25,1);
INSERT INTO "fixture" VALUES(82,14,1,10,102.5,81.0,1);
INSERT INTO "fixture" VALUES(83,14,11,9,107.5,81.75,1);
INSERT INTO "fixture" VALUES(84,14,4,12,95.5,77.75,1);
INSERT INTO "fixture" VALUES(85,15,6,3,30.25,108.25,1);
INSERT INTO "fixture" VALUES(86,15,5,8,89.75,64.25,1);
INSERT INTO "fixture" VALUES(87,15,10,7,136.0,57.75,1);
INSERT INTO "fixture" VALUES(88,15,9,2,102.25,51.25,1);
INSERT INTO "fixture" VALUES(89,15,12,1,78.0,129.75,1);
INSERT INTO "fixture" VALUES(90,15,4,11,63.25,43.25,1);
INSERT INTO "fixture" VALUES(91,16,3,5,126.0,84.5,1);
INSERT INTO "fixture" VALUES(92,16,6,10,54.0,118.75,1);
INSERT INTO "fixture" VALUES(93,16,8,9,106.0,91.0,1);
INSERT INTO "fixture" VALUES(94,16,7,12,69.0,81.0,1);
INSERT INTO "fixture" VALUES(95,16,2,4,62.5,88.75,1);
INSERT INTO "fixture" VALUES(96,16,1,11,115.25,129.5,1);
INSERT INTO "fixture" VALUES(97,17,10,3,82.75,102.75,1);
INSERT INTO "fixture" VALUES(98,17,9,5,90.25,136.25,1);
INSERT INTO "fixture" VALUES(99,17,12,6,94.0,135.25,1);
INSERT INTO "fixture" VALUES(100,17,4,8,130.5,101.25,1);
INSERT INTO "fixture" VALUES(101,17,11,7,94.0,79.0,1);
INSERT INTO "fixture" VALUES(102,17,1,2,84.0,70.5,1);
INSERT INTO "fixture" VALUES(103,18,3,9,58.25,70.75,1);
INSERT INTO "fixture" VALUES(104,18,10,12,122.0,66.0,1);
INSERT INTO "fixture" VALUES(105,18,5,4,83.75,68.75,1);
INSERT INTO "fixture" VALUES(106,18,6,11,112.5,107.75,1);
INSERT INTO "fixture" VALUES(107,18,8,1,104.25,112.25,1);
INSERT INTO "fixture" VALUES(108,18,7,2,75.5,66.5,1);
INSERT INTO "fixture" VALUES(109,19,12,3,80.0,83.25,1);
INSERT INTO "fixture" VALUES(110,19,4,9,135.0,45.75,1);
INSERT INTO "fixture" VALUES(111,19,11,10,113.75,74.25,1);
INSERT INTO "fixture" VALUES(112,19,1,5,64.75,120.25,1);
INSERT INTO "fixture" VALUES(113,19,2,6,111.75,74.75,1);
INSERT INTO "fixture" VALUES(114,19,7,8,118.25,81.0,1);
INSERT INTO "fixture" VALUES(115,20,3,4,122.75,103.5,1);
INSERT INTO "fixture" VALUES(116,20,12,11,91.0,58.75,1);
INSERT INTO "fixture" VALUES(117,20,9,1,89.75,99.75,1);
INSERT INTO "fixture" VALUES(118,20,10,2,80.75,80.25,1);
INSERT INTO "fixture" VALUES(119,20,5,7,85.0,103.0,1);
INSERT INTO "fixture" VALUES(120,20,6,8,82.5,139.75,1);
INSERT INTO "fixture" VALUES(121,21,11,3,104.5,108.25,1);
INSERT INTO "fixture" VALUES(122,21,1,4,134.5,108.25,1);
INSERT INTO "fixture" VALUES(123,21,2,12,95.5,98.5,1);
INSERT INTO "fixture" VALUES(124,21,7,9,72.75,88.0,1);
INSERT INTO "fixture" VALUES(125,21,8,10,78.75,127.0,1);
INSERT INTO "fixture" VALUES(126,21,6,5,69.5,102.5,1);
INSERT INTO "fixture" VALUES(127,22,3,1,119.75,105.0,1);
INSERT INTO "fixture" VALUES(128,22,11,2,113.25,110.5,1);
INSERT INTO "fixture" VALUES(129,22,4,7,67.5,99.25,1);
INSERT INTO "fixture" VALUES(130,22,12,8,29.25,122.0,1);
INSERT INTO "fixture" VALUES(131,22,9,6,133.25,75.5,1);
INSERT INTO "fixture" VALUES(132,22,10,5,118.25,111.75,1);
INSERT INTO "fixture" VALUES(133,23,2,3,81.5,109.25,1);
INSERT INTO "fixture" VALUES(134,23,7,1,75.25,77.75,1);
INSERT INTO "fixture" VALUES(135,23,8,11,116.75,116.25,1);
INSERT INTO "fixture" VALUES(136,23,6,4,16.5,98.25,1);
INSERT INTO "fixture" VALUES(137,23,5,12,63.75,105.0,1);
INSERT INTO "fixture" VALUES(138,23,10,9,97.5,67.75,1);
INSERT INTO "fixture" VALUES(139,24,3,7,125.25,149.0,1);
INSERT INTO "fixture" VALUES(140,24,2,8,85.75,62.5,1);
INSERT INTO "fixture" VALUES(141,24,1,6,109.25,131.25,1);
INSERT INTO "fixture" VALUES(142,24,11,5,111.25,66.75,1);
INSERT INTO "fixture" VALUES(143,24,4,10,124.0,78.25,1);
INSERT INTO "fixture" VALUES(144,24,12,9,93.5,65.25,1);
INSERT INTO "fixture" VALUES(145,25,8,3,115.0,86.5,1);
INSERT INTO "fixture" VALUES(146,25,6,7,99.0,122.25,1);
INSERT INTO "fixture" VALUES(147,25,5,2,138.5,91.5,1);
INSERT INTO "fixture" VALUES(148,25,10,1,79.0,138.75,1);
INSERT INTO "fixture" VALUES(149,25,9,11,131.0,108.5,1);
INSERT INTO "fixture" VALUES(150,25,12,4,100.0,82.0,1);
INSERT INTO "fixture" VALUES(151,26,3,6,76.75,87.25,1);
INSERT INTO "fixture" VALUES(152,26,8,5,111.75,74.0,1);
INSERT INTO "fixture" VALUES(153,26,7,10,54.0,91.5,1);
INSERT INTO "fixture" VALUES(154,26,2,9,136.0,106.25,1);
INSERT INTO "fixture" VALUES(155,26,1,12,133.5,94.0,1);
INSERT INTO "fixture" VALUES(156,26,11,4,92.25,90.75,1);
INSERT INTO "fixture" VALUES(157,27,5,3,106.75,63.0,1);
INSERT INTO "fixture" VALUES(158,27,10,6,66.25,116.0,1);
INSERT INTO "fixture" VALUES(159,27,9,8,114.25,44.25,1);
INSERT INTO "fixture" VALUES(160,27,12,7,80.75,74.75,1);
INSERT INTO "fixture" VALUES(161,27,4,2,110.75,128.5,1);
INSERT INTO "fixture" VALUES(162,27,11,1,98.25,70.5,1);
INSERT INTO "fixture" VALUES(163,28,3,10,100.25,55.5,1);
INSERT INTO "fixture" VALUES(164,28,5,9,107.75,106.5,1);
INSERT INTO "fixture" VALUES(165,28,6,12,92.25,75.5,1);
INSERT INTO "fixture" VALUES(166,28,8,4,109.75,102.25,1);
INSERT INTO "fixture" VALUES(167,28,7,11,71.5,126.5,1);
INSERT INTO "fixture" VALUES(168,28,2,1,74.25,91.25,1);
INSERT INTO "fixture" VALUES(169,29,9,3,134.75,73.5,1);
INSERT INTO "fixture" VALUES(170,29,12,10,66.5,73.25,1);
INSERT INTO "fixture" VALUES(171,29,4,5,100.25,56.25,1);
INSERT INTO "fixture" VALUES(172,29,11,6,97.5,48.75,1);
INSERT INTO "fixture" VALUES(173,29,1,8,57.75,76.5,1);
INSERT INTO "fixture" VALUES(174,29,2,7,45.75,94.0,1);
INSERT INTO "fixture" VALUES(175,30,3,12,79.5,103.75,1);
INSERT INTO "fixture" VALUES(176,30,9,4,136.5,96.75,1);
INSERT INTO "fixture" VALUES(177,30,10,11,53.0,40.25,1);
INSERT INTO "fixture" VALUES(178,30,5,1,94.75,77.0,1);
INSERT INTO "fixture" VALUES(179,30,6,2,54.5,87.75,1);
INSERT INTO "fixture" VALUES(180,30,8,7,74.5,102.25,1);
INSERT INTO "fixture" VALUES(181,31,4,3,101.0,86.0,1);
INSERT INTO "fixture" VALUES(182,31,11,12,95.5,99.25,1);
INSERT INTO "fixture" VALUES(183,31,1,9,118.5,102.5,1);
INSERT INTO "fixture" VALUES(184,31,2,10,62.25,62.0,1);
INSERT INTO "fixture" VALUES(185,31,7,5,59.0,81.5,1);
INSERT INTO "fixture" VALUES(186,31,8,6,73.75,79.75,1);
INSERT INTO "fixture" VALUES(187,32,3,11,134.25,155.0,1);
INSERT INTO "fixture" VALUES(188,32,4,1,141.5,109.0,1);
INSERT INTO "fixture" VALUES(189,32,12,2,150.0,124.0,1);
INSERT INTO "fixture" VALUES(190,32,9,7,108.75,48.0,1);
INSERT INTO "fixture" VALUES(191,32,10,8,47.5,68.0,1);
INSERT INTO "fixture" VALUES(192,32,5,6,102.75,56.75,1);
INSERT INTO "fixture" VALUES(193,33,1,3,90.75,104.75,1);
INSERT INTO "fixture" VALUES(194,33,2,11,103.75,52.75,1);
INSERT INTO "fixture" VALUES(195,33,7,4,116.0,97.0,1);
INSERT INTO "fixture" VALUES(196,33,8,12,129.75,70.5,1);
INSERT INTO "fixture" VALUES(197,33,6,9,148.25,112.75,1);
INSERT INTO "fixture" VALUES(198,33,5,10,160.25,69.0,1);
INSERT INTO "fixture" VALUES(199,34,3,2,43.0,70.0,1);
INSERT INTO "fixture" VALUES(200,34,1,7,92.75,99.5,1);
INSERT INTO "fixture" VALUES(201,34,11,8,94.5,103.75,1);
INSERT INTO "fixture" VALUES(202,34,4,6,104.0,63.0,1);
INSERT INTO "fixture" VALUES(203,34,12,5,93.75,59.75,1);
INSERT INTO "fixture" VALUES(204,34,9,10,113.0,112.75,1);
INSERT INTO "fixture" VALUES(205,35,7,3,78.75,92.0,1);
INSERT INTO "fixture" VALUES(206,35,8,2,63.25,98.75,1);
INSERT INTO "fixture" VALUES(207,35,6,1,110.25,117.5,1);
INSERT INTO "fixture" VALUES(208,35,5,11,65.0,48.5,1);
INSERT INTO "fixture" VALUES(209,35,10,4,60.5,86.75,1);
INSERT INTO "fixture" VALUES(210,35,9,12,62.25,90.25,1);
INSERT INTO "fixture" VALUES(211,36,3,8,84.0,91.5,1);
INSERT INTO "fixture" VALUES(212,36,7,6,94.75,83.25,1);
INSERT INTO "fixture" VALUES(213,36,2,5,97.25,103.25,1);
INSERT INTO "fixture" VALUES(214,36,1,10,101.25,95.75,1);
INSERT INTO "fixture" VALUES(215,36,11,9,83.75,94.25,1);
INSERT INTO "fixture" VALUES(216,36,4,12,113.5,77.25,1);
INSERT INTO "fixture" VALUES(217,37,6,3,67.5,69.5,1);
INSERT INTO "fixture" VALUES(218,37,5,8,85.75,84.25,1);
INSERT INTO "fixture" VALUES(219,37,10,7,88.25,110.25,1);
INSERT INTO "fixture" VALUES(220,37,9,2,15.75,79.0,1);
INSERT INTO "fixture" VALUES(221,37,12,1,62.75,86.0,1);
INSERT INTO "fixture" VALUES(222,37,4,11,116.0,41.5,1);
INSERT INTO "fixture" VALUES(223,38,3,5,90.0,125.0,1);
INSERT INTO "fixture" VALUES(224,38,6,10,68.25,106.25,1);
INSERT INTO "fixture" VALUES(225,38,8,9,105.25,82.25,1);
INSERT INTO "fixture" VALUES(226,38,7,12,77.75,96.5,1);
INSERT INTO "fixture" VALUES(227,38,2,4,68.25,88.75,1);
INSERT INTO "fixture" VALUES(228,38,1,11,64.0,50.5,1);
INSERT INTO "fixture" VALUES(229,1,14,15,118.25,113.5,2);
INSERT INTO "fixture" VALUES(230,1,21,24,80.5,82.0,2);
INSERT INTO "fixture" VALUES(231,1,20,19,67.25,76.0,2);
INSERT INTO "fixture" VALUES(232,1,13,23,125.5,46.75,2);
INSERT INTO "fixture" VALUES(233,1,16,22,64.25,70.5,2);
INSERT INTO "fixture" VALUES(234,1,17,18,101.5,58.0,2);
INSERT INTO "fixture" VALUES(235,2,15,21,73.5,156.75,2);
INSERT INTO "fixture" VALUES(236,2,14,20,115.75,96.25,2);
INSERT INTO "fixture" VALUES(237,2,24,13,79.25,93.75,2);
INSERT INTO "fixture" VALUES(238,2,19,16,99.25,79.25,2);
INSERT INTO "fixture" VALUES(239,2,23,17,71.25,86.5,2);
INSERT INTO "fixture" VALUES(240,2,22,18,135.5,94.25,2);
INSERT INTO "fixture" VALUES(241,3,20,15,78.75,110.0,2);
INSERT INTO "fixture" VALUES(242,3,13,21,83.5,72.25,2);
INSERT INTO "fixture" VALUES(243,3,16,14,87.75,95.25,2);
INSERT INTO "fixture" VALUES(244,3,17,24,99.25,42.5,2);
INSERT INTO "fixture" VALUES(245,3,18,19,64.25,88.5,2);
INSERT INTO "fixture" VALUES(246,3,22,23,109.75,82.5,2);
INSERT INTO "fixture" VALUES(247,4,15,13,63.5,58.75,2);
INSERT INTO "fixture" VALUES(248,4,20,16,128.75,68.0,2);
INSERT INTO "fixture" VALUES(249,4,21,17,72.5,45.25,2);
INSERT INTO "fixture" VALUES(250,4,14,18,120.5,108.0,2);
INSERT INTO "fixture" VALUES(251,4,24,22,96.25,104.75,2);
INSERT INTO "fixture" VALUES(252,4,19,23,101.5,98.75,2);
INSERT INTO "fixture" VALUES(253,5,16,15,95.75,133.0,2);
INSERT INTO "fixture" VALUES(254,5,17,13,95.75,113.25,2);
INSERT INTO "fixture" VALUES(255,5,18,20,95.75,91.0,2);
INSERT INTO "fixture" VALUES(256,5,22,21,98.25,75.75,2);
INSERT INTO "fixture" VALUES(257,5,23,14,67.5,115.5,2);
INSERT INTO "fixture" VALUES(258,5,19,24,61.5,80.75,2);
INSERT INTO "fixture" VALUES(259,6,15,17,132.5,27.75,2);
INSERT INTO "fixture" VALUES(260,6,16,18,88.5,40.75,2);
INSERT INTO "fixture" VALUES(261,6,13,22,72.5,71.0,2);
INSERT INTO "fixture" VALUES(262,6,20,23,88.25,97.25,2);
INSERT INTO "fixture" VALUES(263,6,21,19,128.0,61.75,2);
INSERT INTO "fixture" VALUES(264,6,14,24,89.25,57.75,2);
INSERT INTO "fixture" VALUES(265,7,18,15,84.25,95.75,2);
INSERT INTO "fixture" VALUES(266,7,22,17,90.0,120.25,2);
INSERT INTO "fixture" VALUES(267,7,23,16,28.75,69.25,2);
INSERT INTO "fixture" VALUES(268,7,19,13,62.0,71.25,2);
INSERT INTO "fixture" VALUES(269,7,24,20,116.25,87.75,2);
INSERT INTO "fixture" VALUES(270,7,14,21,128.25,104.5,2);
INSERT INTO "fixture" VALUES(271,8,15,22,81.25,57.25,2);
INSERT INTO "fixture" VALUES(272,8,18,23,80.0,113.0,2);
INSERT INTO "fixture" VALUES(273,8,17,19,65.75,63.5,2);
INSERT INTO "fixture" VALUES(274,8,16,24,111.75,44.0,2);
INSERT INTO "fixture" VALUES(275,8,13,14,127.75,70.75,2);
INSERT INTO "fixture" VALUES(276,8,20,21,98.5,67.0,2);
INSERT INTO "fixture" VALUES(277,9,23,15,53.25,109.0,2);
INSERT INTO "fixture" VALUES(278,9,19,22,66.0,71.0,2);
INSERT INTO "fixture" VALUES(279,9,24,18,44.0,86.75,2);
INSERT INTO "fixture" VALUES(280,9,14,17,98.75,95.0,2);
INSERT INTO "fixture" VALUES(281,9,21,16,111.75,78.75,2);
INSERT INTO "fixture" VALUES(282,9,20,13,93.5,122.75,2);
INSERT INTO "fixture" VALUES(283,10,15,19,79.0,111.5,2);
INSERT INTO "fixture" VALUES(284,10,23,24,84.25,78.5,2);
INSERT INTO "fixture" VALUES(285,10,22,14,50.75,90.0,2);
INSERT INTO "fixture" VALUES(286,10,18,21,78.0,103.25,2);
INSERT INTO "fixture" VALUES(287,10,17,20,80.0,78.0,2);
INSERT INTO "fixture" VALUES(288,10,16,13,91.0,100.5,2);
INSERT INTO "fixture" VALUES(289,11,24,15,76.5,60.25,2);
INSERT INTO "fixture" VALUES(290,11,14,19,100.5,88.75,2);
INSERT INTO "fixture" VALUES(291,11,21,23,48.75,87.0,2);
INSERT INTO "fixture" VALUES(292,11,20,22,135.25,80.5,2);
INSERT INTO "fixture" VALUES(293,11,13,18,104.25,58.25,2);
INSERT INTO "fixture" VALUES(294,11,16,17,89.25,105.75,2);
INSERT INTO "fixture" VALUES(295,12,15,14,65.25,154.25,2);
INSERT INTO "fixture" VALUES(296,12,24,21,121.25,77.25,2);
INSERT INTO "fixture" VALUES(297,12,19,20,53.25,97.5,2);
INSERT INTO "fixture" VALUES(298,12,23,13,70.5,129.0,2);
INSERT INTO "fixture" VALUES(299,12,22,16,86.0,76.25,2);
INSERT INTO "fixture" VALUES(300,12,18,17,98.75,54.75,2);
INSERT INTO "fixture" VALUES(301,13,21,15,82.25,112.5,2);
INSERT INTO "fixture" VALUES(302,13,20,14,80.0,121.75,2);
INSERT INTO "fixture" VALUES(303,13,13,24,90.0,85.0,2);
INSERT INTO "fixture" VALUES(304,13,16,19,78.5,53.25,2);
INSERT INTO "fixture" VALUES(305,13,17,23,94.5,56.75,2);
INSERT INTO "fixture" VALUES(306,13,18,22,89.75,44.75,2);
INSERT INTO "fixture" VALUES(307,14,15,20,91.75,79.5,2);
INSERT INTO "fixture" VALUES(308,14,21,13,89.0,91.25,2);
INSERT INTO "fixture" VALUES(309,14,14,16,110.75,67.75,2);
INSERT INTO "fixture" VALUES(310,14,24,17,41.75,108.5,2);
INSERT INTO "fixture" VALUES(311,14,19,18,52.25,121.0,2);
INSERT INTO "fixture" VALUES(312,14,23,22,40.25,92.0,2);
INSERT INTO "fixture" VALUES(313,15,13,15,57.75,156.75,2);
INSERT INTO "fixture" VALUES(314,15,16,20,76.5,49.75,2);
INSERT INTO "fixture" VALUES(315,15,17,21,97.75,108.25,2);
INSERT INTO "fixture" VALUES(316,15,18,14,54.25,95.25,2);
INSERT INTO "fixture" VALUES(317,15,22,24,82.25,29.0,2);
INSERT INTO "fixture" VALUES(318,15,23,19,33.25,93.75,2);
INSERT INTO "fixture" VALUES(319,16,15,16,125.0,82.75,2);
INSERT INTO "fixture" VALUES(320,16,13,17,50.0,103.75,2);
INSERT INTO "fixture" VALUES(321,16,20,18,52.25,72.5,2);
INSERT INTO "fixture" VALUES(322,16,21,22,103.25,116.25,2);
INSERT INTO "fixture" VALUES(323,16,14,23,94.75,65.75,2);
INSERT INTO "fixture" VALUES(324,16,24,19,56.75,105.5,2);
INSERT INTO "fixture" VALUES(325,17,17,15,145.5,139.25,2);
INSERT INTO "fixture" VALUES(326,17,18,16,80.75,58.75,2);
INSERT INTO "fixture" VALUES(327,17,22,13,91.25,111.75,2);
INSERT INTO "fixture" VALUES(328,17,23,20,72.75,140.75,2);
INSERT INTO "fixture" VALUES(329,17,19,21,111.25,96.5,2);
INSERT INTO "fixture" VALUES(330,17,24,14,74.75,60.0,2);
INSERT INTO "fixture" VALUES(331,18,15,18,107.25,58.75,2);
INSERT INTO "fixture" VALUES(332,18,17,22,101.5,76.75,2);
INSERT INTO "fixture" VALUES(333,18,16,23,92.5,39.0,2);
INSERT INTO "fixture" VALUES(334,18,13,19,90.5,87.0,2);
INSERT INTO "fixture" VALUES(335,18,20,24,66.25,46.0,2);
INSERT INTO "fixture" VALUES(336,18,21,14,134.0,72.0,2);
INSERT INTO "fixture" VALUES(337,19,22,15,115.75,109.75,2);
INSERT INTO "fixture" VALUES(338,19,23,18,60.0,56.75,2);
INSERT INTO "fixture" VALUES(339,19,19,17,55.25,120.5,2);
INSERT INTO "fixture" VALUES(340,19,24,16,56.5,100.5,2);
INSERT INTO "fixture" VALUES(341,19,14,13,59.25,117.75,2);
INSERT INTO "fixture" VALUES(342,19,21,20,91.0,158.0,2);
INSERT INTO "fixture" VALUES(343,20,15,23,97.0,57.5,2);
INSERT INTO "fixture" VALUES(344,20,22,19,105.5,120.75,2);
INSERT INTO "fixture" VALUES(345,20,18,24,60.0,48.75,2);
INSERT INTO "fixture" VALUES(346,20,17,14,81.0,55.5,2);
INSERT INTO "fixture" VALUES(347,20,16,21,178.25,103.75,2);
INSERT INTO "fixture" VALUES(348,20,13,20,92.75,85.0,2);
INSERT INTO "fixture" VALUES(349,21,19,15,154.5,85.25,2);
INSERT INTO "fixture" VALUES(350,21,24,23,95.5,50.5,2);
INSERT INTO "fixture" VALUES(351,21,14,22,100.75,92.0,2);
INSERT INTO "fixture" VALUES(352,21,21,18,59.0,149.0,2);
INSERT INTO "fixture" VALUES(353,21,20,17,83.5,125.5,2);
INSERT INTO "fixture" VALUES(354,21,13,16,64.0,93.25,2);
INSERT INTO "fixture" VALUES(355,22,15,24,112.25,33.25,2);
INSERT INTO "fixture" VALUES(356,22,19,14,128.0,59.25,2);
INSERT INTO "fixture" VALUES(357,22,23,21,85.5,104.0,2);
INSERT INTO "fixture" VALUES(358,22,22,20,123.75,105.75,2);
INSERT INTO "fixture" VALUES(359,22,18,13,114.0,111.0,2);
INSERT INTO "fixture" VALUES(360,22,17,16,112.75,96.0,2);
INSERT INTO "fixture" VALUES(361,23,14,15,87.75,131.5,2);
INSERT INTO "fixture" VALUES(362,23,21,24,57.5,42.75,2);
INSERT INTO "fixture" VALUES(363,23,20,19,74.25,77.0,2);
INSERT INTO "fixture" VALUES(364,23,13,23,90.5,79.25,2);
INSERT INTO "fixture" VALUES(365,23,16,22,98.0,123.0,2);
INSERT INTO "fixture" VALUES(366,23,17,18,89.75,81.5,2);
INSERT INTO "fixture" VALUES(367,24,15,21,88.25,116.75,2);
INSERT INTO "fixture" VALUES(368,24,14,20,90.25,118.0,2);
INSERT INTO "fixture" VALUES(369,24,24,13,83.75,241.25,2);
INSERT INTO "fixture" VALUES(370,24,19,16,86.25,116.0,2);
INSERT INTO "fixture" VALUES(371,24,23,17,41.5,84.0,2);
INSERT INTO "fixture" VALUES(372,24,22,18,41.75,116.0,2);
INSERT INTO "fixture" VALUES(373,25,20,15,120.25,95.25,2);
INSERT INTO "fixture" VALUES(374,25,13,21,165.25,126.75,2);
INSERT INTO "fixture" VALUES(375,25,16,14,87.25,119.25,2);
INSERT INTO "fixture" VALUES(376,25,17,24,82.75,64.0,2);
INSERT INTO "fixture" VALUES(377,25,18,19,119.0,66.75,2);
INSERT INTO "fixture" VALUES(378,25,22,23,89.5,71.75,2);
INSERT INTO "fixture" VALUES(379,26,15,13,108.0,109.75,2);
INSERT INTO "fixture" VALUES(380,26,20,16,108.75,81.0,2);
INSERT INTO "fixture" VALUES(381,26,21,17,87.5,71.25,2);
INSERT INTO "fixture" VALUES(382,26,14,18,79.0,51.5,2);
INSERT INTO "fixture" VALUES(383,26,24,22,103.0,91.0,2);
INSERT INTO "fixture" VALUES(384,26,19,23,125.0,84.25,2);
INSERT INTO "fixture" VALUES(385,27,16,15,128.0,123.0,2);
INSERT INTO "fixture" VALUES(386,27,17,13,108.25,92.75,2);
INSERT INTO "fixture" VALUES(387,27,18,20,66.25,117.75,2);
INSERT INTO "fixture" VALUES(388,27,22,21,68.5,80.75,2);
INSERT INTO "fixture" VALUES(389,27,23,14,53.25,103.25,2);
INSERT INTO "fixture" VALUES(390,27,19,24,51.75,82.75,2);
INSERT INTO "fixture" VALUES(391,28,15,17,88.75,95.25,2);
INSERT INTO "fixture" VALUES(392,28,16,18,64.5,44.0,2);
INSERT INTO "fixture" VALUES(393,28,13,22,126.0,50.0,2);
INSERT INTO "fixture" VALUES(394,28,20,23,115.0,36.75,2);
INSERT INTO "fixture" VALUES(395,28,21,19,68.75,107.5,2);
INSERT INTO "fixture" VALUES(396,28,14,24,122.75,106.25,2);
INSERT INTO "fixture" VALUES(397,29,18,15,23.75,92.75,2);
INSERT INTO "fixture" VALUES(398,29,22,17,31.75,54.5,2);
INSERT INTO "fixture" VALUES(399,29,23,16,60.25,109.0,2);
INSERT INTO "fixture" VALUES(400,29,19,13,108.0,61.25,2);
INSERT INTO "fixture" VALUES(401,29,24,20,63.75,54.0,2);
INSERT INTO "fixture" VALUES(402,29,14,21,100.0,67.0,2);
INSERT INTO "fixture" VALUES(403,30,15,22,91.0,91.75,2);
INSERT INTO "fixture" VALUES(404,30,18,23,54.25,53.75,2);
INSERT INTO "fixture" VALUES(405,30,17,19,140.75,85.25,2);
INSERT INTO "fixture" VALUES(406,30,16,24,99.0,56.25,2);
INSERT INTO "fixture" VALUES(407,30,13,14,26.25,90.25,2);
INSERT INTO "fixture" VALUES(408,30,20,21,79.0,77.25,2);
INSERT INTO "fixture" VALUES(409,31,23,15,38.25,101.0,2);
INSERT INTO "fixture" VALUES(410,31,19,22,82.5,63.0,2);
INSERT INTO "fixture" VALUES(411,31,24,18,88.0,78.5,2);
INSERT INTO "fixture" VALUES(412,31,14,17,100.0,123.5,2);
INSERT INTO "fixture" VALUES(413,31,21,16,91.75,88.75,2);
INSERT INTO "fixture" VALUES(414,31,20,13,37.75,118.25,2);
INSERT INTO "fixture" VALUES(415,32,15,19,163.0,32.0,2);
INSERT INTO "fixture" VALUES(416,32,23,24,67.75,91.5,2);
INSERT INTO "fixture" VALUES(417,32,22,14,136.5,90.75,2);
INSERT INTO "fixture" VALUES(418,32,18,21,90.75,94.25,2);
INSERT INTO "fixture" VALUES(419,32,17,20,152.5,105.0,2);
INSERT INTO "fixture" VALUES(420,32,16,13,109.75,81.25,2);
INSERT INTO "fixture" VALUES(421,33,24,15,55.5,195.25,2);
INSERT INTO "fixture" VALUES(422,33,14,19,136.0,71.25,2);
INSERT INTO "fixture" VALUES(423,33,21,23,92.75,82.5,2);
INSERT INTO "fixture" VALUES(424,33,20,22,102.75,88.75,2);
INSERT INTO "fixture" VALUES(425,33,13,18,129.5,111.5,2);
INSERT INTO "fixture" VALUES(426,33,16,17,105.0,81.5,2);
INSERT INTO "fixture" VALUES(427,34,15,14,112.25,100.0,2);
INSERT INTO "fixture" VALUES(428,34,24,21,96.5,113.5,2);
INSERT INTO "fixture" VALUES(429,34,19,20,67.25,44.0,2);
INSERT INTO "fixture" VALUES(430,34,23,13,47.0,106.25,2);
INSERT INTO "fixture" VALUES(431,34,22,16,88.75,96.25,2);
INSERT INTO "fixture" VALUES(432,34,18,17,45.25,101.5,2);
INSERT INTO "fixture" VALUES(433,35,21,15,61.5,86.25,2);
INSERT INTO "fixture" VALUES(434,35,20,14,72.25,92.0,2);
INSERT INTO "fixture" VALUES(435,35,13,24,110.0,46.75,2);
INSERT INTO "fixture" VALUES(436,35,16,19,78.0,73.5,2);
INSERT INTO "fixture" VALUES(437,35,17,23,76.0,56.5,2);
INSERT INTO "fixture" VALUES(438,35,18,22,70.5,60.75,2);
INSERT INTO "fixture" VALUES(439,36,15,20,102.75,85.0,2);
INSERT INTO "fixture" VALUES(440,36,21,13,60.25,88.75,2);
INSERT INTO "fixture" VALUES(441,36,14,16,84.25,87.0,2);
INSERT INTO "fixture" VALUES(442,36,24,17,69.5,106.5,2);
INSERT INTO "fixture" VALUES(443,36,19,18,63.0,113.25,2);
INSERT INTO "fixture" VALUES(444,36,23,22,59.0,63.0,2);
INSERT INTO "fixture" VALUES(445,37,13,15,92.5,120.0,2);
INSERT INTO "fixture" VALUES(446,37,16,20,111.0,72.25,2);
INSERT INTO "fixture" VALUES(447,37,17,21,89.5,52.75,2);
INSERT INTO "fixture" VALUES(448,37,18,14,53.5,91.5,2);
INSERT INTO "fixture" VALUES(449,37,22,24,83.0,87.0,2);
INSERT INTO "fixture" VALUES(450,37,23,19,22.5,63.0,2);
INSERT INTO "fixture" VALUES(451,38,15,16,81.75,89.0,2);
INSERT INTO "fixture" VALUES(452,38,13,17,117.75,70.5,2);
INSERT INTO "fixture" VALUES(453,38,20,18,102.0,63.0,2);
INSERT INTO "fixture" VALUES(454,38,21,22,93.25,79.25,2);
INSERT INTO "fixture" VALUES(455,38,14,23,56.5,64.25,2);
INSERT INTO "fixture" VALUES(456,38,24,19,102.25,82.5,2);
CREATE TABLE gameweek (
	id INTEGER NOT NULL, 
	number INTEGER NOT NULL, 
	season_id INTEGER NOT NULL, 
	deadline DATETIME NOT NULL, 
	is_current BOOLEAN, 
	PRIMARY KEY (id), 
	FOREIGN KEY(season_id) REFERENCES season (id)
);
INSERT INTO "gameweek" VALUES(1,1,1,'2024-08-01 19:45:00.000000',1);
INSERT INTO "gameweek" VALUES(2,2,1,'2024-08-08 19:45:00.000000',0);
INSERT INTO "gameweek" VALUES(3,3,1,'2024-08-15 19:45:00.000000',0);
INSERT INTO "gameweek" VALUES(4,4,1,'2024-08-22 19:45:00.000000',0);
INSERT INTO "gameweek" VALUES(5,5,1,'2024-08-29 19:45:00.000000',0);
INSERT INTO "gameweek" VALUES(6,6,1,'2024-09-05 19:45:00.000000',0);
INSERT INTO "gameweek" VALUES(7,7,1,'2024-09-12 19:45:00.000000',0);
INSERT INTO "gameweek" VALUES(8,8,1,'2024-09-19 19:45:00.000000',0);
INSERT INTO "gameweek" VALUES(9,9,1,'2024-09-26 19:45:00.000000',0);
INSERT INTO "gameweek" VALUES(10,10,1,'2024-10-03 19:45:00.000000',0);
INSERT INTO "gameweek" VALUES(11,11,1,'2024-10-10 19:45:00.000000',0);
INSERT INTO "gameweek" VALUES(12,12,1,'2024-10-17 19:45:00.000000',0);
INSERT INTO "gameweek" VALUES(13,13,1,'2024-10-24 19:45:00.000000',0);
INSERT INTO "gameweek" VALUES(14,14,1,'2024-10-31 19:45:00.000000',0);
INSERT INTO "gameweek" VALUES(15,15,1,'2024-11-07 19:45:00.000000',0);
INSERT INTO "gameweek" VALUES(16,16,1,'2024-11-14 19:45:00.000000',0);
INSERT INTO "gameweek" VALUES(17,17,1,'2024-11-21 19:45:00.000000',0);
INSERT INTO "gameweek" VALUES(18,18,1,'2024-11-28 19:45:00.000000',0);
INSERT INTO "gameweek" VALUES(19,19,1,'2024-12-05 19:45:00.000000',0);
INSERT INTO "gameweek" VALUES(20,20,1,'2024-12-12 19:45:00.000000',0);
INSERT INTO "gameweek" VALUES(21,21,1,'2024-12-19 19:45:00.000000',0);
INSERT INTO "gameweek" VALUES(22,22,1,'2024-12-26 19:45:00.000000',0);
INSERT INTO "gameweek" VALUES(23,23,1,'2025-01-02 19:45:00.000000',0);
INSERT INTO "gameweek" VALUES(24,24,1,'2025-01-09 19:45:00.000000',0);
INSERT INTO "gameweek" VALUES(25,25,1,'2025-01-16 19:45:00.000000',0);
INSERT INTO "gameweek" VALUES(26,26,1,'2025-01-23 19:45:00.000000',0);
INSERT INTO "gameweek" VALUES(27,27,1,'2025-01-30 19:45:00.000000',0);
INSERT INTO "gameweek" VALUES(28,28,1,'2025-02-06 19:45:00.000000',0);
INSERT INTO "gameweek" VALUES(29,29,1,'2025-02-13 19:45:00.000000',0);
INSERT INTO "gameweek" VALUES(30,30,1,'2025-02-20 19:45:00.000000',0);
INSERT INTO "gameweek" VALUES(31,31,1,'2025-02-27 19:45:00.000000',0);
INSERT INTO "gameweek" VALUES(32,32,1,'2025-03-06 19:45:00.000000',0);
INSERT INTO "gameweek" VALUES(33,33,1,'2025-03-13 19:45:00.000000',0);
INSERT INTO "gameweek" VALUES(34,34,1,'2025-03-20 19:45:00.000000',0);
INSERT INTO "gameweek" VALUES(35,35,1,'2025-03-27 19:45:00.000000',0);
INSERT INTO "gameweek" VALUES(36,36,1,'2025-04-03 19:45:00.000000',0);
INSERT INTO "gameweek" VALUES(37,37,1,'2025-04-10 19:45:00.000000',0);
INSERT INTO "gameweek" VALUES(38,38,1,'2025-04-17 19:45:00.000000',0);
INSERT INTO "gameweek" VALUES(39,1,2,'2025-08-01 00:00:00.000000',0);
INSERT INTO "gameweek" VALUES(40,2,2,'2025-08-01 00:00:00.000000',0);
INSERT INTO "gameweek" VALUES(41,3,2,'2025-08-01 00:00:00.000000',0);
INSERT INTO "gameweek" VALUES(42,4,2,'2025-08-01 00:00:00.000000',0);
INSERT INTO "gameweek" VALUES(43,5,2,'2025-08-01 00:00:00.000000',0);
INSERT INTO "gameweek" VALUES(44,6,2,'2025-08-01 00:00:00.000000',0);
INSERT INTO "gameweek" VALUES(45,7,2,'2025-08-01 00:00:00.000000',0);
INSERT INTO "gameweek" VALUES(46,8,2,'2025-08-01 00:00:00.000000',0);
INSERT INTO "gameweek" VALUES(47,9,2,'2025-08-01 00:00:00.000000',0);
INSERT INTO "gameweek" VALUES(48,10,2,'2025-08-01 00:00:00.000000',0);
INSERT INTO "gameweek" VALUES(49,11,2,'2025-08-01 00:00:00.000000',0);
INSERT INTO "gameweek" VALUES(50,12,2,'2025-08-01 00:00:00.000000',0);
INSERT INTO "gameweek" VALUES(51,13,2,'2025-08-01 00:00:00.000000',0);
INSERT INTO "gameweek" VALUES(52,14,2,'2025-08-01 00:00:00.000000',0);
INSERT INTO "gameweek" VALUES(53,15,2,'2025-08-01 00:00:00.000000',0);
INSERT INTO "gameweek" VALUES(54,16,2,'2025-08-01 00:00:00.000000',0);
INSERT INTO "gameweek" VALUES(55,17,2,'2025-08-01 00:00:00.000000',0);
INSERT INTO "gameweek" VALUES(56,18,2,'2025-08-01 00:00:00.000000',0);
INSERT INTO "gameweek" VALUES(57,19,2,'2025-08-01 00:00:00.000000',0);
INSERT INTO "gameweek" VALUES(58,20,2,'2025-08-01 00:00:00.000000',0);
INSERT INTO "gameweek" VALUES(59,21,2,'2025-08-01 00:00:00.000000',0);
INSERT INTO "gameweek" VALUES(60,22,2,'2025-08-01 00:00:00.000000',0);
INSERT INTO "gameweek" VALUES(61,23,2,'2025-08-01 00:00:00.000000',0);
INSERT INTO "gameweek" VALUES(62,24,2,'2025-08-01 00:00:00.000000',0);
INSERT INTO "gameweek" VALUES(63,25,2,'2025-08-01 00:00:00.000000',0);
INSERT INTO "gameweek" VALUES(64,26,2,'2025-08-01 00:00:00.000000',0);
INSERT INTO "gameweek" VALUES(65,27,2,'2025-08-01 00:00:00.000000',0);
INSERT INTO "gameweek" VALUES(66,28,2,'2025-08-01 00:00:00.000000',0);
INSERT INTO "gameweek" VALUES(67,29,2,'2025-08-01 00:00:00.000000',0);
INSERT INTO "gameweek" VALUES(68,30,2,'2025-08-01 00:00:00.000000',0);
INSERT INTO "gameweek" VALUES(69,31,2,'2025-08-01 00:00:00.000000',0);
INSERT INTO "gameweek" VALUES(70,32,2,'2025-08-01 00:00:00.000000',0);
INSERT INTO "gameweek" VALUES(71,33,2,'2025-08-01 00:00:00.000000',0);
INSERT INTO "gameweek" VALUES(72,34,2,'2025-08-01 00:00:00.000000',0);
INSERT INTO "gameweek" VALUES(73,35,2,'2025-08-01 00:00:00.000000',0);
INSERT INTO "gameweek" VALUES(74,36,2,'2025-08-01 00:00:00.000000',0);
INSERT INTO "gameweek" VALUES(75,37,2,'2025-08-01 00:00:00.000000',0);
INSERT INTO "gameweek" VALUES(76,38,2,'2025-08-01 00:00:00.000000',0);
CREATE TABLE manager_month (
	id INTEGER NOT NULL, 
	name VARCHAR(64) NOT NULL, 
	season_id INTEGER NOT NULL, 
	start_gameweek_id INTEGER NOT NULL, 
	end_gameweek_id INTEGER NOT NULL, 
	winner_id INTEGER, 
	PRIMARY KEY (id), 
	FOREIGN KEY(season_id) REFERENCES season (id), 
	FOREIGN KEY(start_gameweek_id) REFERENCES gameweek (id), 
	FOREIGN KEY(end_gameweek_id) REFERENCES gameweek (id), 
	FOREIGN KEY(winner_id) REFERENCES team (id)
);
INSERT INTO "manager_month" VALUES(1,'August',1,1,3,1);
INSERT INTO "manager_month" VALUES(2,'Septmeber',1,4,6,15);
INSERT INTO "manager_month" VALUES(3,'October',1,7,9,4);
INSERT INTO "manager_month" VALUES(4,'November',1,10,13,14);
INSERT INTO "manager_month" VALUES(5,'December',1,14,19,17);
INSERT INTO "manager_month" VALUES(6,'January',1,20,23,19);
INSERT INTO "manager_month" VALUES(7,'February/March',1,24,29,11);
INSERT INTO "manager_month" VALUES(8,'April',1,30,34,15);
INSERT INTO "manager_month" VALUES(9,'May',1,35,38,4);
CREATE TABLE manager_of_the_month (
	id INTEGER NOT NULL, 
	manager_month_id INTEGER NOT NULL, 
	team_id INTEGER NOT NULL, 
	total_score FLOAT NOT NULL, 
	PRIMARY KEY (id), 
	FOREIGN KEY(manager_month_id) REFERENCES manager_month (id), 
	FOREIGN KEY(team_id) REFERENCES team (id)
);
INSERT INTO "manager_of_the_month" VALUES(1,1,1,331.25);
INSERT INTO "manager_of_the_month" VALUES(2,2,15,329.0);
INSERT INTO "manager_of_the_month" VALUES(3,3,4,324.0);
INSERT INTO "manager_of_the_month" VALUES(4,4,14,466.5);
INSERT INTO "manager_of_the_month" VALUES(5,5,17,677.5);
INSERT INTO "manager_of_the_month" VALUES(6,6,19,480.25);
INSERT INTO "manager_of_the_month" VALUES(7,7,11,634.25);
INSERT INTO "manager_of_the_month" VALUES(8,8,15,662.5);
INSERT INTO "manager_of_the_month" VALUES(9,9,4,405.0);
CREATE TABLE rule (
	id INTEGER NOT NULL, 
	content TEXT NOT NULL, 
	PRIMARY KEY (id)
);
INSERT INTO "rule" VALUES(1,'### **General Rules**

- The fantasy premier league consists of two divisions: Premier League and Championship, each with 12 teams.
- Promotion and relegation occur between divisions at the end of the season.
- If a Premier League team (or top two Championship teams) doesn''t renew, the next best team in the Championship will be promoted.
- Rosters are selected through a snake-format draft.
- Scoring is head-to-head, with the team earning the most points in a game week winning the match (3 points for a win, etc.).
- The season consists of 38 game weeks.
- The bottom two Premier League teams are relegated, while the top two Championship teams are promoted.

---

### **Fees and Prizes**

- Entry Fee: $137.50 per team (due before the draft)
- Prizes:
    - Premier League:
        - Champion: $600
        - Runner-up: $200
        - Most Points: $100
    - Championship:
        - Champion: $600
        - Runner-up: $200
        - Most Points: $100
    - League Cup:
        - Winner: $600
    - Manager of the Month: $100/month
- Prizes will be paid out after the last game of the season.

---

### **League Cup**

- A 5-round interleague knockout cup competition
- Each round consists of 2 legs, with the team having the higher aggregate score advancing
- 8 teams receive a random bye in the first round, announced at the first live draw
- The competition starts around game-week 20, with rounds taking place every other week (official schedule to be announced early in the season)

---

### **Draft**

- Separate drafts for each league, selecting 14 players (11 starters, 3 bench)
- Snake format draft online through Fantrax''s draft room
- Draft order determined by random, live draw (announced a week before the draft)
- Time limit: 1 minute 30 seconds per pick
- Draft picks are non-tradable and non-reassignable
- Mandatory to draft 14 players
- Absentee drafting: Fantrax''s auto-draft system will select players based on their predictions, unless you set your own preferred order

---

### **Game Week Rosters**

- Maximum of 11 players in a roster
- Starting 11 must meet the following position requirements:
    - Goalkeeper: 1
    - Defenders: 3-5
    - Midfielders: 3-5
    - Forwards: 1-3
- Players with multiple positions can be assigned to one position, earning points accordingly (see scoring table)
- Players lock into their position (active or bench) 1 minute before their game starts and cannot be moved
- A player can become eligible for an additional position if they play 4+ games in that position throughout the season

---

### **Injured Reserve**

- Each team has 1 Injured Reserve (IR) roster spot for holding injured players without dropping them
- To use the IR spot, the player must be marked with a red flag in the Fantrax system
- Once the player is fit, they must be removed from IR and added back to the regular roster within 2 gameweeks
- Failure to do so will prevent the manager from making claims or trades until the player is moved back to the regular roster

---

### **Auto-sub**

- Managers can set a sub priority order for their bench players each week, locked once the first game of the game week starts
- If a starting player doesn''t play, they''ll be automatically substituted with the top-ranked eligible sub
- The sub must meet the positional requirements; if not, the next ranked eligible sub will come in
- Example: if a midfielder is ranked first but a forward doesn''t play, the midfielder won''t come in if it would exceed the 5-midfielder limit
- Auto-subs are processed about an hour after the last game of the week finishes

---

### **Waiver Wire**

- After the draft, managers can add unowned players through the waiver wire or free agency
- Undrafted players will be added to the waiver wire after the draft and can only be claimed through the first waiver wire process
- Teams have a $100 season-long transfer budget (FAAB) for bidding on waiver wire players
- To claim a player, managers submit a bid (minimum $0) on the player''s profile
- Fantrax assigns the player to the highest bidder when the waiver wire processes
- In case of tied bids, the team with higher waiver wire priority wins (initially set as reverse draft order)
- Waiver wire priority is updated after each use, moving the team to the back of the line
- Waiver wire processing times: Monday and Thursday, 10 pm Eastern
- Unclaimed players become free agents until their next game, then lock to the waiver wire until the next processing time
- New players added to the league will be on the waiver wire for at least 48 hours before becoming free agents
- Waiver wire players are marked with an orange "add" sign

---

### **Free Agents**

- Undrafted and unclaimed players on the waiver wire become free agents
- Free agents can be picked up at any time until their game starts
- Once their game begins, free agents lock to the waiver wire
- Free agent players are marked with a green "add" sign

---

### **Trades**

- Managers can trade players and/or FAAB with other teams in their league
- Trades are allowed until the start of Game Week 29
- Once the first game of Game Week 29 begins, no further trades are permitted
- No collusion or fraudulent trade activity is allowed; suspected trades will be reviewed and reversed if necessary

---

### **Standings Tie Breaker**

- Most fantasy points for the entire season: Tied teams are ranked by their total fantasy points.
- Head-to-head record vs. all teams tied with: Tied teams are ranked by their head-to-head win-loss record against all other tied teams.
- Most wins in the entire season: Tied teams are ranked by their total number of wins.

---

<h3><strong>Scoring Format</strong></h3>
<p>There are 22 ways that players may score points. Please refer to the table below.</p>

<table class="table table-bordered text-center align-middle" style="background-color: #fff;">
  <thead class="table-dark">
    <tr>
      <th>Scoring Category</th>
      <th>Goalkeeper</th>
      <th>Defender</th>
      <th>Midfielder</th>
      <th>Forward</th>
    </tr>
  </thead>
  <tbody>
    <!-- Keeper Specific -->
    <tr class="table-secondary">
      <td colspan="5" class="text-start fw-bold">Keeper Specific</td>
    </tr>
    <tr><td>Penalty Kick Saves (PKS)</td><td>8</td><td>0</td><td>0</td><td>0</td></tr>
    <tr><td>Saves (Sv)</td><td>2</td><td>0</td><td>0</td><td>0</td></tr>

    <!-- Defensive -->
    <tr class="table-secondary">
      <td colspan="5" class="text-start fw-bold">Defensive</td>
    </tr>
    <tr><td>Aerials Won (AER)</td><td>1</td><td>1</td><td>0.5</td><td>0.5</td></tr>
    <tr><td>Goals Against (GA)</td><td colspan="2">-2 per goal after 1 GA</td><td>0</td><td>0</td></tr>
    <tr><td>Clean Sheets (CS)</td><td>6</td><td>4</td><td>1</td><td>0</td></tr>
    <tr><td>Effective Clearances (CLR)</td><td colspan="2">0.25</td><td>0</td><td>0</td></tr>
    <tr><td>Interceptions (Int)</td><td>1</td><td>1</td><td>1</td><td>1</td></tr>
    <tr><td>Tackles Won (TkW)</td><td>1</td><td>1</td><td>1</td><td>1</td></tr>
    <tr><td>Tackles – Last Man (TLM)</td><td>0</td><td>3</td><td>3</td><td>3</td></tr>

    <!-- Attacking -->
    <tr class="table-secondary">
      <td colspan="5" class="text-start fw-bold">Attacking</td>
    </tr>
    <tr><td>Assists (A)</td><td>9</td><td>6</td><td>6</td><td>6</td></tr>
    <tr><td>Goals (G)</td><td>10</td><td>10</td><td>9</td><td>9</td></tr>
    <tr><td>Key Passes (KP)</td><td>6</td><td>2</td><td>2</td><td>2</td></tr>
    <tr><td>Penalty Kicks Drawn (PKD)</td><td>2</td><td>2</td><td>2</td><td>2</td></tr>
    <tr><td>Shots on Target (SOT)</td><td>2</td><td>2</td><td>2</td><td>2</td></tr>
    <tr><td>Successful Dribbles (CoS)</td><td>1</td><td>1</td><td>1</td><td>1</td></tr>
    <tr><td>Accurate Crosses (AC)</td><td>1</td><td>1</td><td>1</td><td>1</td></tr>
    <tr><td>Dispossessed (DIS)</td><td>-0.5</td><td>-0.5</td><td>-0.5</td><td>-0.5</td></tr>
    <tr><td>Penalty Kicks Missed (PKM)</td><td>-2</td><td>-2</td><td>-2</td><td>-2</td></tr>

    <!-- Discipline -->
    <tr class="table-secondary">
      <td colspan="5" class="text-start fw-bold">Discipline</td>
    </tr>
    <tr><td>Own Goals (OG)</td><td>-7</td><td>-9</td><td>-9</td><td>-9</td></tr>
    <tr><td>Red Cards (RC)</td><td>-7</td><td>-7</td><td>-7</td><td>-7</td></tr>
    <tr><td>Second Yellow Cards (SYC)</td><td>-4</td><td>-4</td><td>-4</td><td>-4</td></tr>
    <tr><td>Yellow Cards (YC)</td><td>-3</td><td>-3</td><td>-3</td><td>-3</td></tr>
  </tbody>
</table>
');
CREATE TABLE season (
	id INTEGER NOT NULL, 
	name VARCHAR(64) NOT NULL, 
	start_date DATE NOT NULL, 
	end_date DATE NOT NULL, 
	is_current BOOLEAN, 
	PRIMARY KEY (id)
);
INSERT INTO "season" VALUES(1,'2024/25','2024-08-01','2025-05-31',0);
INSERT INTO "season" VALUES(2,'2025/26','2025-08-01','2026-05-31',1);
CREATE TABLE team (
	id INTEGER NOT NULL, 
	name VARCHAR(64) NOT NULL, 
	manager_name VARCHAR(64) NOT NULL, 
	PRIMARY KEY (id), 
	UNIQUE (name)
);
INSERT INTO "team" VALUES(1,'Huss Team - never to be named','Huss');
INSERT INTO "team" VALUES(2,'Does it count if only Matip''s in?','Aidan');
INSERT INTO "team" VALUES(3,'Yacht Partey','Michael');
INSERT INTO "team" VALUES(4,'Freedyonfire','Gary');
INSERT INTO "team" VALUES(5,'Huss will be missed !','Eugenio');
INSERT INTO "team" VALUES(6,'Titanic FC','Craig');
INSERT INTO "team" VALUES(7,'Bayern Bru','David');
INSERT INTO "team" VALUES(8,'Mee, Myself & Ayew','Sean');
INSERT INTO "team" VALUES(9,'Amartey McFly','Martin');
INSERT INTO "team" VALUES(10,'Pep and the City','Kyle');
INSERT INTO "team" VALUES(11,'Pique Blinders','Tim');
INSERT INTO "team" VALUES(12,'Sons Of Angearchy','Niall');
INSERT INTO "team" VALUES(13,'The Mask of Yoro','Ricky');
INSERT INTO "team" VALUES(14,'Los Tibbles','Nick');
INSERT INTO "team" VALUES(15,'Dunc and disorderly','Duncan');
INSERT INTO "team" VALUES(16,'Altrincham Athletic','Matt TW');
INSERT INTO "team" VALUES(17,'Chicken Tikka MoSalah','Rami');
INSERT INTO "team" VALUES(18,'Onana What''s My Name','Joe');
INSERT INTO "team" VALUES(19,'Team Name','Jack');
INSERT INTO "team" VALUES(20,'Annex Academical','Karl');
INSERT INTO "team" VALUES(21,'Okanagan Athletic','Faraaz');
INSERT INTO "team" VALUES(22,'Tonali Clips of the Heart','Matt C');
INSERT INTO "team" VALUES(23,'Team DycheBall','Aubrey');
INSERT INTO "team" VALUES(24,'Leicest We Forget','Spencer');
CREATE TABLE team_season (
	id INTEGER NOT NULL, 
	team_id INTEGER NOT NULL, 
	season_id INTEGER NOT NULL, 
	division_id INTEGER NOT NULL, 
	points INTEGER, 
	total_score FLOAT, position INTEGER, 
	PRIMARY KEY (id), 
	FOREIGN KEY(team_id) REFERENCES team (id), 
	FOREIGN KEY(season_id) REFERENCES season (id), 
	FOREIGN KEY(division_id) REFERENCES division (id)
);
INSERT INTO "team_season" VALUES(1,1,1,1,75,3914.0,NULL);
INSERT INTO "team_season" VALUES(2,2,1,1,48,3158.25,NULL);
INSERT INTO "team_season" VALUES(3,3,1,1,60,3440.25,NULL);
INSERT INTO "team_season" VALUES(4,4,1,1,69,3763.25,2);
INSERT INTO "team_season" VALUES(5,5,1,1,69,3605.75,NULL);
INSERT INTO "team_season" VALUES(6,6,1,1,30,2899.0,NULL);
INSERT INTO "team_season" VALUES(7,7,1,1,51,3087.0,9);
INSERT INTO "team_season" VALUES(8,8,1,1,66,3604.75,NULL);
INSERT INTO "team_season" VALUES(9,9,1,1,45,3550.5,11);
INSERT INTO "team_season" VALUES(10,10,1,1,63,3466.75,NULL);
INSERT INTO "team_season" VALUES(11,11,1,1,54,3509.0,NULL);
INSERT INTO "team_season" VALUES(12,12,1,1,54,3194.5,NULL);
INSERT INTO "team_season" VALUES(13,13,1,2,84,3836.75,NULL);
INSERT INTO "team_season" VALUES(14,14,1,2,75,3669.75,NULL);
INSERT INTO "team_season" VALUES(15,15,1,2,69,4034.0,4);
INSERT INTO "team_season" VALUES(16,16,1,2,63,3472.0,NULL);
INSERT INTO "team_season" VALUES(17,17,1,2,87,3596.75,NULL);
INSERT INTO "team_season" VALUES(18,18,1,2,45,2986.25,NULL);
INSERT INTO "team_season" VALUES(19,19,1,2,54,3137.5,NULL);
INSERT INTO "team_season" VALUES(20,20,1,2,45,3449.5,NULL);
INSERT INTO "team_season" VALUES(21,21,1,2,51,3411.5,NULL);
INSERT INTO "team_season" VALUES(22,22,1,2,51,3215.75,NULL);
INSERT INTO "team_season" VALUES(23,23,1,2,18,2380.5,NULL);
INSERT INTO "team_season" VALUES(24,24,1,2,42,2725.75,NULL);
INSERT INTO "team_season" VALUES(25,1,2,3,0,0.0,1);
INSERT INTO "team_season" VALUES(26,4,2,3,0,0.0,1);
INSERT INTO "team_season" VALUES(27,5,2,3,0,0.0,1);
INSERT INTO "team_season" VALUES(28,8,2,3,0,0.0,NULL);
INSERT INTO "team_season" VALUES(29,10,2,3,0,0.0,NULL);
INSERT INTO "team_season" VALUES(30,3,2,3,0,0.0,NULL);
INSERT INTO "team_season" VALUES(31,11,2,3,0,0.0,NULL);
INSERT INTO "team_season" VALUES(32,12,2,3,0,0.0,NULL);
INSERT INTO "team_season" VALUES(33,7,2,3,0,0.0,1);
INSERT INTO "team_season" VALUES(34,2,2,3,0,0.0,1);
INSERT INTO "team_season" VALUES(35,9,2,4,0,0.0,1);
INSERT INTO "team_season" VALUES(36,6,2,4,0,0.0,NULL);
INSERT INTO "team_season" VALUES(37,17,2,3,0,0.0,1);
INSERT INTO "team_season" VALUES(38,13,2,3,0,0.0,1);
INSERT INTO "team_season" VALUES(39,14,2,4,0,0.0,NULL);
INSERT INTO "team_season" VALUES(40,15,2,4,0,0.0,1);
INSERT INTO "team_season" VALUES(41,16,2,4,0,0.0,1);
INSERT INTO "team_season" VALUES(42,19,2,4,0,0.0,1);
INSERT INTO "team_season" VALUES(43,21,2,4,0,0.0,NULL);
INSERT INTO "team_season" VALUES(44,22,2,4,0,0.0,NULL);
INSERT INTO "team_season" VALUES(45,20,2,4,0,0.0,1);
INSERT INTO "team_season" VALUES(46,18,2,4,0,0.0,NULL);
INSERT INTO "team_season" VALUES(47,24,2,4,0,0.0,NULL);
INSERT INTO "team_season" VALUES(48,23,2,4,0,0.0,NULL);
CREATE TABLE title (
	id INTEGER NOT NULL, 
	team_id INTEGER NOT NULL, 
	season_id INTEGER NOT NULL, 
	type VARCHAR(64) NOT NULL, 
	division_id INTEGER, 
	cup_competition_id INTEGER, 
	is_runner_up BOOLEAN, 
	PRIMARY KEY (id), 
	FOREIGN KEY(team_id) REFERENCES team (id), 
	FOREIGN KEY(season_id) REFERENCES season (id), 
	FOREIGN KEY(division_id) REFERENCES division (id), 
	FOREIGN KEY(cup_competition_id) REFERENCES cup_competition (id)
);
INSERT INTO "title" VALUES(1,15,1,'cup',NULL,2,0);
INSERT INTO "title" VALUES(2,17,1,'cup',NULL,2,1);
INSERT INTO "title" VALUES(3,1,1,'league',1,NULL,0);
INSERT INTO "title" VALUES(4,4,1,'league',1,NULL,1);
INSERT INTO "title" VALUES(5,17,1,'league',2,NULL,0);
INSERT INTO "title" VALUES(6,13,1,'league',2,NULL,1);
CREATE TABLE user (
	id INTEGER NOT NULL, 
	username VARCHAR(64) NOT NULL, 
	email VARCHAR(120) NOT NULL, 
	password_hash VARCHAR(128), 
	is_admin BOOLEAN, 
	PRIMARY KEY (id), 
	UNIQUE (username), 
	UNIQUE (email)
);
INSERT INTO "user" VALUES(1,'admin','admin@example.com','pbkdf2:sha256:600000$d7Om5uGkEuZaNWlj$d6e8e49f1bb73827d110b05a397004e87c12a35723defc583ea4b268e01993d8',1);
COMMIT;
